model,task,layer,seed,val_auroc,test_auroc,pert_auroc,reph_auroc,test_acc,test_f1,test_ece,test_brier
gpt2,tomi_nli,0,42,0.494140625,0.4684177611006879,0.5575447570332481,0.5758730158730159,0.475,0.4878048780487805,0.3378436772955557,0.373516768917778
gpt2,tomi_nli,0,43,0.494140625,0.4684177611006879,0.5575447570332481,0.5758730158730159,0.475,0.4878048780487805,0.3378436772955557,0.373516768917778
gpt2,tomi_nli,0,44,0.494140625,0.4684177611006879,0.5575447570332481,0.5758730158730159,0.475,0.4878048780487805,0.3378436772955557,0.373516768917778
gpt2,tomi_nli,1,42,0.5384114583333334,0.5059412132582864,0.45524296675191817,0.5168253968253969,0.525,0.525,0.3261251629003525,0.37417970454142646
gpt2,tomi_nli,1,43,0.5384114583333334,0.5059412132582864,0.45524296675191817,0.5168253968253969,0.525,0.525,0.3261251629003525,0.37417970454142646
gpt2,tomi_nli,1,44,0.5384114583333334,0.5059412132582864,0.45524296675191817,0.5168253968253969,0.525,0.525,0.3261251629003525,0.37417970454142646
gpt2,tomi_nli,2,42,0.5234375,0.5184490306441527,0.5319693094629157,0.40476190476190477,0.5625,0.5882352941176471,0.3223529805912517,0.3637046154841532
gpt2,tomi_nli,2,43,0.5234375,0.5184490306441527,0.5319693094629157,0.40476190476190477,0.5625,0.5882352941176471,0.3223529805912517,0.3637046154841532
gpt2,tomi_nli,2,44,0.5234375,0.5184490306441527,0.5319693094629157,0.40476190476190477,0.5625,0.5882352941176471,0.3223529805912517,0.3637046154841532
gpt2,tomi_nli,3,42,0.5,0.5003126954346466,0.6163682864450128,0.5,0.4875,0.5060240963855421,0.35867938271539596,0.3909313802542224
gpt2,tomi_nli,3,43,0.5,0.5003126954346466,0.6163682864450128,0.5,0.4875,0.5060240963855421,0.35867938271539596,0.3909313802542224
gpt2,tomi_nli,3,44,0.5,0.5003126954346466,0.6163682864450128,0.5,0.4875,0.5060240963855421,0.35867938271539596,0.3909313802542224
gpt2,tomi_nli,4,42,0.583984375,0.5103189493433397,0.6067774936061381,0.5,0.5125,0.5617977528089888,0.34904407251141195,0.3872697344239878
gpt2,tomi_nli,4,43,0.583984375,0.5103189493433397,0.6067774936061381,0.5,0.5125,0.5617977528089888,0.34904407251141195,0.3872697344239878
gpt2,tomi_nli,4,44,0.583984375,0.5103189493433397,0.6067774936061381,0.5,0.5125,0.5617977528089888,0.34904407251141195,0.3872697344239878
gpt2,tomi_nli,5,42,0.6243489583333333,0.4465290806754222,0.6441815856777494,0.5,0.5125,0.5301204819277109,0.39433527043101735,0.4171676876794172
gpt2,tomi_nli,5,43,0.6243489583333333,0.4465290806754222,0.6441815856777494,0.5,0.5125,0.5301204819277109,0.39433527043101735,0.4171676876794172
gpt2,tomi_nli,5,44,0.6243489583333333,0.4465290806754222,0.6441815856777494,0.5,0.5125,0.5301204819277109,0.39433527043101735,0.4171676876794172
gpt2,tomi_nli,6,42,0.5390625,0.4853033145716073,0.6342710997442456,0.5,0.4375,0.43037974683544306,0.4398407487467553,0.43141522364341534
gpt2,tomi_nli,6,43,0.5390625,0.4853033145716073,0.6342710997442456,0.5,0.4375,0.43037974683544306,0.4398407487467553,0.43141522364341534
gpt2,tomi_nli,6,44,0.5390625,0.4853033145716073,0.6342710997442456,0.5,0.4375,0.43037974683544306,0.4398407487467553,0.43141522364341534
gpt2,tomi_nli,7,42,0.44726562499999994,0.5215759849906191,0.6163682864450127,0.5,0.5125,0.5301204819277109,0.3611309920042284,0.37578073064061573
gpt2,tomi_nli,7,43,0.44726562499999994,0.5215759849906191,0.6163682864450127,0.5,0.5125,0.5301204819277109,0.3611309920042284,0.37578073064061573
gpt2,tomi_nli,7,44,0.44726562499999994,0.5215759849906191,0.6163682864450127,0.5,0.5125,0.5301204819277109,0.3611309920042284,0.37578073064061573
gpt2,tomi_nli,8,42,0.5240885416666667,0.5128205128205128,0.6317135549872124,0.4838095238095238,0.4875,0.5176470588235295,0.3903865429606175,0.40010442911349886
gpt2,tomi_nli,8,43,0.5240885416666667,0.5128205128205128,0.6317135549872124,0.4838095238095238,0.4875,0.5176470588235295,0.3903865429606175,0.40010442911349886
gpt2,tomi_nli,8,44,0.5240885416666667,0.5128205128205128,0.6317135549872124,0.4838095238095238,0.4875,0.5176470588235295,0.3903865429606175,0.40010442911349886
gpt2,tomi_nli,9,42,0.4967447916666667,0.5453408380237649,0.5147058823529411,0.3844444444444445,0.625,0.5945945945945946,0.33019907074776056,0.33583073107987804
gpt2,tomi_nli,9,43,0.4967447916666667,0.5453408380237649,0.5147058823529411,0.3844444444444445,0.625,0.5945945945945946,0.33019907074776056,0.33583073107987804
gpt2,tomi_nli,9,44,0.4967447916666667,0.5453408380237649,0.5147058823529411,0.3844444444444445,0.625,0.5945945945945946,0.33019907074776056,0.33583073107987804
gpt2,tomi_nli,10,42,0.5221354166666666,0.46028767979987495,0.5281329923273657,0.47555555555555556,0.4375,0.4,0.3847165717327102,0.40645779199456056
gpt2,tomi_nli,10,43,0.5221354166666666,0.46028767979987495,0.5281329923273657,0.47555555555555556,0.4375,0.4,0.3847165717327102,0.40645779199456056
gpt2,tomi_nli,10,44,0.5221354166666666,0.46028767979987495,0.5281329923273657,0.47555555555555556,0.4375,0.4,0.3847165717327102,0.40645779199456056
gpt2,tomi_nli,11,42,0.4928385416666667,0.4565353345841151,0.4961636828644501,0.5460317460317461,0.5,0.4117647058823529,0.36685827450551317,0.40171944353995476
gpt2,tomi_nli,11,43,0.4928385416666667,0.4565353345841151,0.4961636828644501,0.5460317460317461,0.5,0.4117647058823529,0.36685827450551317,0.40171944353995476
gpt2,tomi_nli,11,44,0.4928385416666667,0.4565353345841151,0.4961636828644501,0.5460317460317461,0.5,0.4117647058823529,0.36685827450551317,0.40171944353995476
gpt2,truthfulqa_mc,0,42,0.5205078125,0.5213882163034705,0.5609362389023406,0.3962873284907183,0.6125,0.24390243902439024,0.29525862030559424,0.2979075847012263
gpt2,truthfulqa_mc,0,43,0.5205078125,0.5213882163034705,0.5609362389023406,0.3962873284907183,0.6125,0.24390243902439024,0.29525862030559424,0.2979075847012263
gpt2,truthfulqa_mc,0,44,0.5205078125,0.5213882163034705,0.5609362389023406,0.3962873284907183,0.6125,0.24390243902439024,0.29525862030559424,0.2979075847012263
gpt2,truthfulqa_mc,1,42,0.6630859375,0.6085552865213881,0.6053268765133172,0.4862792574656981,0.6875,0.4186046511627907,0.2755822999555674,0.2744723000135994
gpt2,truthfulqa_mc,1,43,0.6630859375,0.6085552865213881,0.6053268765133172,0.4862792574656981,0.6875,0.4186046511627907,0.2755822999555674,0.2744723000135994
gpt2,truthfulqa_mc,1,44,0.6630859375,0.6085552865213881,0.6053268765133172,0.4862792574656981,0.6875,0.4186046511627907,0.2755822999555674,0.2744723000135994
gpt2,truthfulqa_mc,2,42,0.560546875,0.6400322841000806,0.6029055690072639,0.4358353510895884,0.7,0.4,0.22570846030457903,0.2303667935178714
gpt2,truthfulqa_mc,2,43,0.560546875,0.6400322841000806,0.6029055690072639,0.4358353510895884,0.7,0.4,0.22570846030457903,0.2303667935178714
gpt2,truthfulqa_mc,2,44,0.560546875,0.6400322841000806,0.6029055690072639,0.4358353510895884,0.7,0.4,0.22570846030457903,0.2303667935178714
gpt2,truthfulqa_mc,3,42,0.546875,0.513317191283293,0.5456012913640031,0.5189669087974172,0.65,0.3,0.29072375539539613,0.27631246265621
gpt2,truthfulqa_mc,3,43,0.546875,0.513317191283293,0.5456012913640031,0.5189669087974172,0.65,0.3,0.29072375539539613,0.27631246265621
gpt2,truthfulqa_mc,3,44,0.546875,0.513317191283293,0.5456012913640031,0.5189669087974172,0.65,0.3,0.29072375539539613,0.27631246265621
gpt2,truthfulqa_mc,4,42,0.6259765625,0.5633575464083939,0.5924132364810332,0.5899919289749798,0.6875,0.358974358974359,0.2670315519360946,0.2686494590800247
gpt2,truthfulqa_mc,4,43,0.6259765625,0.5633575464083939,0.5924132364810332,0.5899919289749798,0.6875,0.358974358974359,0.2670315519360946,0.2686494590800247
gpt2,truthfulqa_mc,4,44,0.6259765625,0.5633575464083939,0.5924132364810332,0.5899919289749798,0.6875,0.358974358974359,0.2670315519360946,0.2686494590800247
gpt2,truthfulqa_mc,5,42,0.6591796875,0.5690072639225182,0.5480225988700564,0.5875706214689266,0.6875,0.358974358974359,0.24383206683586164,0.2728303402423078
gpt2,truthfulqa_mc,5,43,0.6591796875,0.5690072639225182,0.5480225988700564,0.5875706214689266,0.6875,0.358974358974359,0.24383206683586164,0.2728303402423078
gpt2,truthfulqa_mc,5,44,0.6591796875,0.5690072639225182,0.5480225988700564,0.5875706214689266,0.6875,0.358974358974359,0.24383206683586164,0.2728303402423078
gpt2,truthfulqa_mc,6,42,0.6259765625,0.5770782889426957,0.606133979015335,0.6351896690879741,0.675,0.35,0.25497656344664543,0.2773698684518802
gpt2,truthfulqa_mc,6,43,0.6259765625,0.5770782889426957,0.606133979015335,0.6351896690879741,0.675,0.35,0.25497656344664543,0.2773698684518802
gpt2,truthfulqa_mc,6,44,0.6259765625,0.5770782889426957,0.606133979015335,0.6351896690879741,0.675,0.35,0.25497656344664543,0.2773698684518802
gpt2,truthfulqa_mc,7,42,0.5859375,0.6125907990314771,0.6214689265536723,0.6779661016949152,0.7625,0.5128205128205128,0.24225598434030676,0.2353067492467849
gpt2,truthfulqa_mc,7,43,0.5859375,0.6125907990314771,0.6214689265536723,0.6779661016949152,0.7625,0.5128205128205128,0.24225598434030676,0.2353067492467849
gpt2,truthfulqa_mc,7,44,0.5859375,0.6125907990314771,0.6214689265536723,0.6779661016949152,0.7625,0.5128205128205128,0.24225598434030676,0.2353067492467849
gpt2,truthfulqa_mc,8,42,0.5732421875,0.615819209039548,0.5980629539951574,0.5149313962873285,0.725,0.45,0.24595287003232347,0.24932154105123275
gpt2,truthfulqa_mc,8,43,0.5732421875,0.615819209039548,0.5980629539951574,0.5149313962873285,0.725,0.45,0.24595287003232347,0.24932154105123275
gpt2,truthfulqa_mc,8,44,0.5732421875,0.615819209039548,0.5980629539951574,0.5149313962873285,0.725,0.45,0.24595287003232347,0.24932154105123275
gpt2,truthfulqa_mc,9,42,0.4951171875,0.6916868442292172,0.652138821630347,0.6400322841000807,0.725,0.45,0.18680396815298717,0.22217266875907254
gpt2,truthfulqa_mc,9,43,0.4951171875,0.6916868442292172,0.652138821630347,0.6400322841000807,0.725,0.45,0.18680396815298717,0.22217266875907254
gpt2,truthfulqa_mc,9,44,0.4951171875,0.6916868442292172,0.652138821630347,0.6400322841000807,0.725,0.45,0.18680396815298717,0.22217266875907254
gpt2,truthfulqa_mc,10,42,0.4833984375,0.6472962066182405,0.5698143664245359,0.5690072639225182,0.7375,0.4878048780487805,0.2334518748718532,0.23836136923865664
gpt2,truthfulqa_mc,10,43,0.4833984375,0.6472962066182405,0.5698143664245359,0.5690072639225182,0.7375,0.4878048780487805,0.2334518748718532,0.23836136923865664
gpt2,truthfulqa_mc,10,44,0.4833984375,0.6472962066182405,0.5698143664245359,0.5690072639225182,0.7375,0.4878048780487805,0.2334518748718532,0.23836136923865664
gpt2,truthfulqa_mc,11,42,0.43359375,0.6263115415657787,0.5520581113801453,0.5076674737691687,0.6875,0.3902439024390244,0.26802753470269125,0.27642834557067053
gpt2,truthfulqa_mc,11,43,0.43359375,0.6263115415657787,0.5520581113801453,0.5076674737691687,0.6875,0.3902439024390244,0.26802753470269125,0.27642834557067053
gpt2,truthfulqa_mc,11,44,0.43359375,0.6263115415657787,0.5520581113801453,0.5076674737691687,0.6875,0.3902439024390244,0.26802753470269125,0.27642834557067053
gpt2_medium,tomi_nli,0,42,0.48046875,0.4784240150093808,0.5179028132992327,0.5301587301587302,0.475,0.4878048780487805,0.3805059755759709,0.4047338815274629
gpt2_medium,tomi_nli,0,43,0.48046875,0.4784240150093808,0.5179028132992327,0.5301587301587302,0.475,0.4878048780487805,0.3805059755759709,0.4047338815274629
gpt2_medium,tomi_nli,0,44,0.48046875,0.4784240150093808,0.5179028132992327,0.5301587301587302,0.475,0.4878048780487805,0.3805059755759709,0.4047338815274629
gpt2_medium,tomi_nli,1,42,0.4244791666666667,0.474671669793621,0.6182864450127876,0.5,0.4875,0.5060240963855421,0.3982511629945117,0.4077947158182537
gpt2_medium,tomi_nli,1,43,0.4244791666666667,0.474671669793621,0.6182864450127876,0.5,0.4875,0.5060240963855421,0.3982511629945117,0.4077947158182537
gpt2_medium,tomi_nli,1,44,0.4244791666666667,0.474671669793621,0.6182864450127876,0.5,0.4875,0.5060240963855421,0.3982511629945117,0.4077947158182537
gpt2_medium,tomi_nli,2,42,0.4869791666666667,0.43214509068167606,0.540920716112532,0.5,0.3875,0.3950617283950617,0.4959351980602303,0.46999997737189175
gpt2_medium,tomi_nli,2,43,0.4869791666666667,0.43214509068167606,0.540920716112532,0.5,0.3875,0.3950617283950617,0.4959351980602303,0.46999997737189175
gpt2_medium,tomi_nli,2,44,0.4869791666666667,0.43214509068167606,0.540920716112532,0.5,0.3875,0.3950617283950617,0.4959351980602303,0.46999997737189175
gpt2_medium,tomi_nli,3,42,0.5305989583333333,0.4959349593495935,0.632992327365729,0.5,0.5,0.48717948717948717,0.36565440586873355,0.3915970646268776
gpt2_medium,tomi_nli,3,43,0.5305989583333333,0.4959349593495935,0.632992327365729,0.5,0.5,0.48717948717948717,0.36565440586873355,0.3915970646268776
gpt2_medium,tomi_nli,3,44,0.5305989583333333,0.4959349593495935,0.632992327365729,0.5,0.5,0.48717948717948717,0.36565440586873355,0.3915970646268776
gpt2_medium,tomi_nli,4,42,0.5592447916666667,0.5046904315196998,0.5332480818414322,0.5,0.525,0.5,0.38361208291974513,0.41044412082211446
gpt2_medium,tomi_nli,4,43,0.5592447916666667,0.5046904315196998,0.5332480818414322,0.5,0.525,0.5,0.38361208291974513,0.41044412082211446
gpt2_medium,tomi_nli,4,44,0.5592447916666667,0.5046904315196998,0.5332480818414322,0.5,0.525,0.5,0.38361208291974513,0.41044412082211446
gpt2_medium,tomi_nli,5,42,0.5716145833333334,0.5046904315196998,0.5677749360613811,0.5,0.5625,0.5333333333333333,0.3721879567858468,0.386887504576495
gpt2_medium,tomi_nli,5,43,0.5716145833333334,0.5046904315196998,0.5677749360613811,0.5,0.5625,0.5333333333333333,0.3721879567858468,0.386887504576495
gpt2_medium,tomi_nli,5,44,0.5716145833333334,0.5046904315196998,0.5677749360613811,0.5,0.5625,0.5333333333333333,0.3721879567858468,0.386887504576495
gpt2_medium,tomi_nli,6,42,0.5690104166666666,0.4596622889305816,0.5505115089514067,0.5,0.4625,0.4691358024691358,0.3653601971139119,0.4036253389647042
gpt2_medium,tomi_nli,6,43,0.5690104166666666,0.4596622889305816,0.5505115089514067,0.5,0.4625,0.4691358024691358,0.3653601971139119,0.4036253389647042
gpt2_medium,tomi_nli,6,44,0.5690104166666666,0.4596622889305816,0.5505115089514067,0.5,0.4625,0.4691358024691358,0.3653601971139119,0.4036253389647042
gpt2_medium,tomi_nli,7,42,0.560546875,0.44840525328330205,0.4603580562659847,0.5,0.4375,0.4155844155844156,0.4390756406989018,0.4336119047068713
gpt2_medium,tomi_nli,7,43,0.560546875,0.44840525328330205,0.4603580562659847,0.5,0.4375,0.4155844155844156,0.4390756406989018,0.4336119047068713
gpt2_medium,tomi_nli,7,44,0.560546875,0.44840525328330205,0.4603580562659847,0.5,0.4375,0.4155844155844156,0.4390756406989018,0.4336119047068713
gpt2_medium,tomi_nli,8,42,0.6269531249999999,0.47904940587867423,0.48209718670076723,0.5,0.5,0.47368421052631576,0.3702199144032249,0.40769477540355803
gpt2_medium,tomi_nli,8,43,0.6269531249999999,0.47904940587867423,0.48209718670076723,0.5,0.5,0.47368421052631576,0.3702199144032249,0.40769477540355803
gpt2_medium,tomi_nli,8,44,0.6269531249999999,0.47904940587867423,0.48209718670076723,0.5,0.5,0.47368421052631576,0.3702199144032249,0.40769477540355803
gpt2_medium,tomi_nli,9,42,0.541015625,0.4709193245778612,0.4750639386189258,0.5,0.4625,0.410958904109589,0.4191318670690184,0.4368268076354063
gpt2_medium,tomi_nli,9,43,0.541015625,0.4709193245778612,0.4750639386189258,0.5,0.4625,0.410958904109589,0.4191318670690184,0.4368268076354063
gpt2_medium,tomi_nli,9,44,0.541015625,0.4709193245778612,0.4750639386189258,0.5,0.4625,0.410958904109589,0.4191318670690184,0.4368268076354063
gpt2_medium,tomi_nli,10,42,0.6536458333333334,0.4377736085053158,0.47698209718670076,0.5314285714285714,0.4875,0.4533333333333333,0.4723407232991429,0.4652194203212173
gpt2_medium,tomi_nli,10,43,0.6536458333333334,0.4377736085053158,0.47698209718670076,0.5314285714285714,0.4875,0.4533333333333333,0.4723407232991429,0.4652194203212173
gpt2_medium,tomi_nli,10,44,0.6536458333333334,0.4377736085053158,0.47698209718670076,0.5314285714285714,0.4875,0.4533333333333333,0.4723407232991429,0.4652194203212173
gpt2_medium,tomi_nli,11,42,0.59375,0.3871169480925578,0.4948849104859335,0.506984126984127,0.3875,0.3950617283950617,0.49743744456058747,0.49762502308781437
gpt2_medium,tomi_nli,11,43,0.59375,0.3871169480925578,0.4948849104859335,0.506984126984127,0.3875,0.3950617283950617,0.49743744456058747,0.49762502308781437
gpt2_medium,tomi_nli,11,44,0.59375,0.3871169480925578,0.4948849104859335,0.506984126984127,0.3875,0.3950617283950617,0.49743744456058747,0.49762502308781437
gpt2_medium,tomi_nli,12,42,0.57421875,0.4365228267667292,0.47186700767263423,0.46888888888888886,0.4625,0.4819277108433735,0.4440872599949277,0.4621518345209055
gpt2_medium,tomi_nli,12,43,0.57421875,0.4365228267667292,0.47186700767263423,0.46888888888888886,0.4625,0.4819277108433735,0.4440872599949277,0.4621518345209055
gpt2_medium,tomi_nli,12,44,0.57421875,0.4365228267667292,0.47186700767263423,0.46888888888888886,0.4625,0.4819277108433735,0.4440872599949277,0.4621518345209055
gpt2_medium,tomi_nli,13,42,0.57421875,0.41588492808005,0.448849104859335,0.5212698412698413,0.4,0.3684210526315789,0.4774091918435814,0.4822863785879939
gpt2_medium,tomi_nli,13,43,0.57421875,0.41588492808005,0.448849104859335,0.5212698412698413,0.4,0.3684210526315789,0.4774091918435814,0.4822863785879939
gpt2_medium,tomi_nli,13,44,0.57421875,0.41588492808005,0.448849104859335,0.5212698412698413,0.4,0.3684210526315789,0.4774091918435814,0.4822863785879939
gpt2_medium,tomi_nli,14,42,0.57421875,0.45528455284552843,0.4827365728900256,0.4082539682539682,0.4375,0.4,0.4574210916448286,0.44953042238827406
gpt2_medium,tomi_nli,14,43,0.57421875,0.45528455284552843,0.4827365728900256,0.4082539682539682,0.4375,0.4,0.4574210916448286,0.44953042238827406
gpt2_medium,tomi_nli,14,44,0.57421875,0.45528455284552843,0.4827365728900256,0.4082539682539682,0.4375,0.4,0.4574210916448286,0.44953042238827406
gpt2_medium,tomi_nli,15,42,0.5774739583333334,0.49280800500312694,0.49040920716112535,0.419047619047619,0.4875,0.4383561643835616,0.38115465217035394,0.4126154880530196
gpt2_medium,tomi_nli,15,43,0.5774739583333334,0.49280800500312694,0.49040920716112535,0.419047619047619,0.4875,0.4383561643835616,0.38115465217035394,0.4126154880530196
gpt2_medium,tomi_nli,15,44,0.5774739583333334,0.49280800500312694,0.49040920716112535,0.419047619047619,0.4875,0.4383561643835616,0.38115465217035394,0.4126154880530196
gpt2_medium,tomi_nli,16,42,0.59765625,0.5372107567229518,0.4686700767263427,0.3853968253968254,0.4875,0.4383561643835616,0.3854899377500375,0.4026273612861937
gpt2_medium,tomi_nli,16,43,0.59765625,0.5372107567229518,0.4686700767263427,0.3853968253968254,0.4875,0.4383561643835616,0.3854899377500375,0.4026273612861937
gpt2_medium,tomi_nli,16,44,0.59765625,0.5372107567229518,0.4686700767263427,0.3853968253968254,0.4875,0.4383561643835616,0.3854899377500375,0.4026273612861937
gpt2_medium,tomi_nli,17,42,0.5813802083333333,0.48843026891807384,0.5230179028132993,0.36444444444444446,0.525,0.4722222222222222,0.3926697407575161,0.411917714929601
gpt2_medium,tomi_nli,17,43,0.5813802083333333,0.48843026891807384,0.5230179028132993,0.36444444444444446,0.525,0.4722222222222222,0.3926697407575161,0.411917714929601
gpt2_medium,tomi_nli,17,44,0.5813802083333333,0.48843026891807384,0.5230179028132993,0.36444444444444446,0.525,0.4722222222222222,0.3926697407575161,0.411917714929601
gpt2_medium,tomi_nli,18,42,0.6165364583333333,0.48092557848655404,0.5223785166240409,0.39492063492063495,0.5375,0.5066666666666667,0.3897422973680653,0.41005207664509263
gpt2_medium,tomi_nli,18,43,0.6165364583333333,0.48092557848655404,0.5223785166240409,0.39492063492063495,0.5375,0.5066666666666667,0.3897422973680653,0.41005207664509263
gpt2_medium,tomi_nli,18,44,0.6165364583333333,0.48092557848655404,0.5223785166240409,0.39492063492063495,0.5375,0.5066666666666667,0.3897422973680653,0.41005207664509263
gpt2_medium,tomi_nli,19,42,0.5716145833333333,0.5021888680425266,0.5044757033248082,0.4584126984126984,0.475,0.43243243243243246,0.42507368952033736,0.4076102949185049
gpt2_medium,tomi_nli,19,43,0.5716145833333333,0.5021888680425266,0.5044757033248082,0.4584126984126984,0.475,0.43243243243243246,0.42507368952033736,0.4076102949185049
gpt2_medium,tomi_nli,19,44,0.5716145833333333,0.5021888680425266,0.5044757033248082,0.4584126984126984,0.475,0.43243243243243246,0.42507368952033736,0.4076102949185049
gpt2_medium,tomi_nli,20,42,0.560546875,0.5003126954346466,0.49232736572890023,0.4584126984126984,0.5,0.4444444444444444,0.35304695077305087,0.39239596362155177
gpt2_medium,tomi_nli,20,43,0.560546875,0.5003126954346466,0.49232736572890023,0.4584126984126984,0.5,0.4444444444444444,0.35304695077305087,0.39239596362155177
gpt2_medium,tomi_nli,20,44,0.560546875,0.5003126954346466,0.49232736572890023,0.4584126984126984,0.5,0.4444444444444444,0.35304695077305087,0.39239596362155177
gpt2_medium,tomi_nli,21,42,0.51953125,0.535334584115072,0.49168797953964194,0.49206349206349204,0.525,0.5128205128205128,0.31465011142868127,0.3539693043622113
gpt2_medium,tomi_nli,21,43,0.51953125,0.535334584115072,0.49168797953964194,0.49206349206349204,0.525,0.5128205128205128,0.31465011142868127,0.3539693043622113
gpt2_medium,tomi_nli,21,44,0.51953125,0.535334584115072,0.49168797953964194,0.49206349206349204,0.525,0.5128205128205128,0.31465011142868127,0.3539693043622113
gpt2_medium,tomi_nli,22,42,0.5013020833333334,0.4727954971857411,0.48593350383631717,0.48253968253968255,0.45,0.42105263157894735,0.3550812943440496,0.384368311791639
gpt2_medium,tomi_nli,22,43,0.5013020833333334,0.4727954971857411,0.48593350383631717,0.48253968253968255,0.45,0.42105263157894735,0.3550812943440496,0.384368311791639
gpt2_medium,tomi_nli,22,44,0.5013020833333334,0.4727954971857411,0.48593350383631717,0.48253968253968255,0.45,0.42105263157894735,0.3550812943440496,0.384368311791639
gpt2_medium,tomi_nli,23,42,0.484375,0.5209505941213258,0.4846547314578005,0.45206349206349206,0.5,0.48717948717948717,0.3445150759852088,0.3690180821688368
gpt2_medium,tomi_nli,23,43,0.484375,0.5209505941213258,0.4846547314578005,0.45206349206349206,0.5,0.48717948717948717,0.3445150759852088,0.3690180821688368
gpt2_medium,tomi_nli,23,44,0.484375,0.5209505941213258,0.4846547314578005,0.45206349206349206,0.5,0.48717948717948717,0.3445150759852088,0.3690180821688368
gpt2_medium,truthfulqa_mc,0,42,0.53515625,0.589184826472962,0.5964487489911219,0.5391444713478611,0.6125,0.24390243902439024,0.3253651416718363,0.3019934632716758
gpt2_medium,truthfulqa_mc,0,43,0.53515625,0.589184826472962,0.5964487489911219,0.5391444713478611,0.6125,0.24390243902439024,0.3253651416718363,0.3019934632716758
gpt2_medium,truthfulqa_mc,0,44,0.53515625,0.589184826472962,0.5964487489911219,0.5391444713478611,0.6125,0.24390243902439024,0.3253651416718363,0.3019934632716758
gpt2_medium,truthfulqa_mc,1,42,0.568359375,0.5334947538337369,0.5004035512510088,0.47941888619854717,0.6875,0.32432432432432434,0.26757333757467305,0.2726320714800631
gpt2_medium,truthfulqa_mc,1,43,0.568359375,0.5334947538337369,0.5004035512510088,0.47941888619854717,0.6875,0.32432432432432434,0.26757333757467305,0.2726320714800631
gpt2_medium,truthfulqa_mc,1,44,0.568359375,0.5334947538337369,0.5004035512510088,0.47941888619854717,0.6875,0.32432432432432434,0.26757333757467305,0.2726320714800631
gpt2_medium,truthfulqa_mc,2,42,0.5390625,0.5343018563357546,0.5617433414043583,0.46166263115415657,0.65,0.3,0.257767601749232,0.2793555332588972
gpt2_medium,truthfulqa_mc,2,43,0.5390625,0.5343018563357546,0.5617433414043583,0.46166263115415657,0.65,0.3,0.257767601749232,0.2793555332588972
gpt2_medium,truthfulqa_mc,2,44,0.5390625,0.5343018563357546,0.5617433414043583,0.46166263115415657,0.65,0.3,0.257767601749232,0.2793555332588972
gpt2_medium,truthfulqa_mc,3,42,0.54296875,0.5560936238902341,0.5633575464083939,0.5238095238095237,0.675,0.3157894736842105,0.23298022535778387,0.2760768560473658
gpt2_medium,truthfulqa_mc,3,43,0.54296875,0.5560936238902341,0.5633575464083939,0.5238095238095237,0.675,0.3157894736842105,0.23298022535778387,0.2760768560473658
gpt2_medium,truthfulqa_mc,3,44,0.54296875,0.5560936238902341,0.5633575464083939,0.5238095238095237,0.675,0.3157894736842105,0.23298022535778387,0.2760768560473658
gpt2_medium,truthfulqa_mc,4,42,0.5498046875,0.5504439063761097,0.5794995964487489,0.5464083938660209,0.6625,0.2702702702702703,0.2703097494620346,0.2800846905499353
gpt2_medium,truthfulqa_mc,4,43,0.5498046875,0.5504439063761097,0.5794995964487489,0.5464083938660209,0.6625,0.2702702702702703,0.2703097494620346,0.2800846905499353
gpt2_medium,truthfulqa_mc,4,44,0.5498046875,0.5504439063761097,0.5794995964487489,0.5464083938660209,0.6625,0.2702702702702703,0.2703097494620346,0.2800846905499353
gpt2_medium,truthfulqa_mc,5,42,0.5810546875,0.5552865213882163,0.5544794188861986,0.526230831315577,0.7,0.3684210526315789,0.26003099193904394,0.26233067754779205
gpt2_medium,truthfulqa_mc,5,43,0.5810546875,0.5552865213882163,0.5544794188861986,0.526230831315577,0.7,0.3684210526315789,0.26003099193904394,0.26233067754779205
gpt2_medium,truthfulqa_mc,5,44,0.5810546875,0.5552865213882163,0.5544794188861986,0.526230831315577,0.7,0.3684210526315789,0.26003099193904394,0.26233067754779205
gpt2_medium,truthfulqa_mc,6,42,0.5224609375,0.5722356739305892,0.5835351089588378,0.5851493139628733,0.6875,0.358974358974359,0.21846313630476372,0.2515655710647178
gpt2_medium,truthfulqa_mc,6,43,0.5224609375,0.5722356739305892,0.5835351089588378,0.5851493139628733,0.6875,0.358974358974359,0.21846313630476372,0.2515655710647178
gpt2_medium,truthfulqa_mc,6,44,0.5224609375,0.5722356739305892,0.5835351089588378,0.5851493139628733,0.6875,0.358974358974359,0.21846313630476372,0.2515655710647178
gpt2_medium,truthfulqa_mc,7,42,0.46484375,0.5512510088781275,0.5706214689265536,0.5052461662631154,0.6875,0.358974358974359,0.23504606467996872,0.25796045702580434
gpt2_medium,truthfulqa_mc,7,43,0.46484375,0.5512510088781275,0.5706214689265536,0.5052461662631154,0.6875,0.358974358974359,0.23504606467996872,0.25796045702580434
gpt2_medium,truthfulqa_mc,7,44,0.46484375,0.5512510088781275,0.5706214689265536,0.5052461662631154,0.6875,0.358974358974359,0.23504606467996872,0.25796045702580434
gpt2_medium,truthfulqa_mc,8,42,0.5703125,0.5916061339790152,0.5811138014527846,0.5665859564164648,0.7375,0.4,0.2249617298974782,0.23642260565570777
gpt2_medium,truthfulqa_mc,8,43,0.5703125,0.5916061339790152,0.5811138014527846,0.5665859564164648,0.7375,0.4,0.2249617298974782,0.23642260565570777
gpt2_medium,truthfulqa_mc,8,44,0.5703125,0.5916061339790152,0.5811138014527846,0.5665859564164648,0.7375,0.4,0.2249617298974782,0.23642260565570777
gpt2_medium,truthfulqa_mc,9,42,0.5966796875,0.6311541565778853,0.5609362389023407,0.49475383373688453,0.725,0.3888888888888889,0.1943654646733132,0.2288486957461698
gpt2_medium,truthfulqa_mc,9,43,0.5966796875,0.6311541565778853,0.5609362389023407,0.49475383373688453,0.725,0.3888888888888889,0.1943654646733132,0.2288486957461698
gpt2_medium,truthfulqa_mc,9,44,0.5966796875,0.6311541565778853,0.5609362389023407,0.49475383373688453,0.725,0.3888888888888889,0.1943654646733132,0.2288486957461698
gpt2_medium,truthfulqa_mc,10,42,0.6240234375,0.6166263115415659,0.5762711864406779,0.5310734463276836,0.75,0.4444444444444444,0.20074094198957376,0.22375399361305942
gpt2_medium,truthfulqa_mc,10,43,0.6240234375,0.6166263115415659,0.5762711864406779,0.5310734463276836,0.75,0.4444444444444444,0.20074094198957376,0.22375399361305942
gpt2_medium,truthfulqa_mc,10,44,0.6240234375,0.6166263115415659,0.5762711864406779,0.5310734463276836,0.75,0.4444444444444444,0.20074094198957376,0.22375399361305942
gpt2_medium,truthfulqa_mc,11,42,0.5966796875,0.6844229217110572,0.6150121065375302,0.5334947538337369,0.825,0.6111111111111112,0.17655501485115155,0.17501487703554755
gpt2_medium,truthfulqa_mc,11,43,0.5966796875,0.6844229217110572,0.6150121065375302,0.5334947538337369,0.825,0.6111111111111112,0.17655501485115155,0.17501487703554755
gpt2_medium,truthfulqa_mc,11,44,0.5966796875,0.6844229217110572,0.6150121065375302,0.5334947538337369,0.825,0.6111111111111112,0.17655501485115155,0.17501487703554755
gpt2_medium,truthfulqa_mc,12,42,0.6015625,0.6610169491525424,0.5907990314769975,0.5512510088781275,0.7875,0.5405405405405406,0.16180170765029822,0.18734941843111402
gpt2_medium,truthfulqa_mc,12,43,0.6015625,0.6610169491525424,0.5907990314769975,0.5512510088781275,0.7875,0.5405405405405406,0.16180170765029822,0.18734941843111402
gpt2_medium,truthfulqa_mc,12,44,0.6015625,0.6610169491525424,0.5907990314769975,0.5512510088781275,0.7875,0.5405405405405406,0.16180170765029822,0.18734941843111402
gpt2_medium,truthfulqa_mc,13,42,0.572265625,0.6634382566585957,0.6957223567393058,0.5706214689265536,0.8,0.5555555555555556,0.1720348018603802,0.17660385051630673
gpt2_medium,truthfulqa_mc,13,43,0.572265625,0.6634382566585957,0.6957223567393058,0.5706214689265536,0.8,0.5555555555555556,0.1720348018603802,0.17660385051630673
gpt2_medium,truthfulqa_mc,13,44,0.572265625,0.6634382566585957,0.6957223567393058,0.5706214689265536,0.8,0.5555555555555556,0.1720348018603802,0.17660385051630673
gpt2_medium,truthfulqa_mc,14,42,0.556640625,0.6464891041162227,0.7037933817594835,0.6069410815173527,0.7625,0.5128205128205128,0.21717844031408023,0.21055807097559787
gpt2_medium,truthfulqa_mc,14,43,0.556640625,0.6464891041162227,0.7037933817594835,0.6069410815173527,0.7625,0.5128205128205128,0.21717844031408023,0.21055807097559787
gpt2_medium,truthfulqa_mc,14,44,0.556640625,0.6464891041162227,0.7037933817594835,0.6069410815173527,0.7625,0.5128205128205128,0.21717844031408023,0.21055807097559787
gpt2_medium,truthfulqa_mc,15,42,0.5263671875,0.675544794188862,0.6448748991121872,0.5819209039548022,0.7625,0.5365853658536586,0.204050920505068,0.2142403327862305
gpt2_medium,truthfulqa_mc,15,43,0.5263671875,0.675544794188862,0.6448748991121872,0.5819209039548022,0.7625,0.5365853658536586,0.204050920505068,0.2142403327862305
gpt2_medium,truthfulqa_mc,15,44,0.5263671875,0.675544794188862,0.6448748991121872,0.5819209039548022,0.7625,0.5365853658536586,0.204050920505068,0.2142403327862305
gpt2_medium,truthfulqa_mc,16,42,0.5185546875,0.6973365617433414,0.6464891041162227,0.5359160613397902,0.775,0.55,0.17418558241568863,0.20288964771752682
gpt2_medium,truthfulqa_mc,16,43,0.5185546875,0.6973365617433414,0.6464891041162227,0.5359160613397902,0.775,0.55,0.17418558241568863,0.20288964771752682
gpt2_medium,truthfulqa_mc,16,44,0.5185546875,0.6973365617433414,0.6464891041162227,0.5359160613397902,0.775,0.55,0.17418558241568863,0.20288964771752682
gpt2_medium,truthfulqa_mc,17,42,0.537109375,0.6957223567393058,0.6335754640839386,0.5318805488297014,0.75,0.5238095238095238,0.20447439065061995,0.2082518419191306
gpt2_medium,truthfulqa_mc,17,43,0.537109375,0.6957223567393058,0.6335754640839386,0.5318805488297014,0.75,0.5238095238095238,0.20447439065061995,0.2082518419191306
gpt2_medium,truthfulqa_mc,17,44,0.537109375,0.6957223567393058,0.6335754640839386,0.5318805488297014,0.75,0.5238095238095238,0.20447439065061995,0.2082518419191306
gpt2_medium,truthfulqa_mc,18,42,0.5771484375,0.6779661016949152,0.6109765940274414,0.513317191283293,0.7,0.45454545454545453,0.2416101581470349,0.23707418997947602
gpt2_medium,truthfulqa_mc,18,43,0.5771484375,0.6779661016949152,0.6109765940274414,0.513317191283293,0.7,0.45454545454545453,0.2416101581470349,0.23707418997947602
gpt2_medium,truthfulqa_mc,18,44,0.5771484375,0.6779661016949152,0.6109765940274414,0.513317191283293,0.7,0.45454545454545453,0.2416101581470349,0.23707418997947602
gpt2_medium,truthfulqa_mc,19,42,0.5400390625,0.7005649717514124,0.5585149313962873,0.519774011299435,0.7375,0.4878048780487805,0.22998669924866288,0.2207155558095565
gpt2_medium,truthfulqa_mc,19,43,0.5400390625,0.7005649717514124,0.5585149313962873,0.519774011299435,0.7375,0.4878048780487805,0.22998669924866288,0.2207155558095565
gpt2_medium,truthfulqa_mc,19,44,0.5400390625,0.7005649717514124,0.5585149313962873,0.519774011299435,0.7375,0.4878048780487805,0.22998669924866288,0.2207155558095565
gpt2_medium,truthfulqa_mc,20,42,0.5078125,0.6674737691686844,0.5633575464083938,0.5318805488297013,0.75,0.5,0.23113792563528412,0.2239676867417814
gpt2_medium,truthfulqa_mc,20,43,0.5078125,0.6674737691686844,0.5633575464083938,0.5318805488297013,0.75,0.5,0.23113792563528412,0.2239676867417814
gpt2_medium,truthfulqa_mc,20,44,0.5078125,0.6674737691686844,0.5633575464083938,0.5318805488297013,0.75,0.5,0.23113792563528412,0.2239676867417814
gpt2_medium,truthfulqa_mc,21,42,0.482421875,0.6610169491525424,0.5609362389023407,0.5230024213075061,0.7,0.42857142857142855,0.24963942894030694,0.24637361378008554
gpt2_medium,truthfulqa_mc,21,43,0.482421875,0.6610169491525424,0.5609362389023407,0.5230024213075061,0.7,0.42857142857142855,0.24963942894030694,0.24637361378008554
gpt2_medium,truthfulqa_mc,21,44,0.482421875,0.6610169491525424,0.5609362389023407,0.5230024213075061,0.7,0.42857142857142855,0.24963942894030694,0.24637361378008554
gpt2_medium,truthfulqa_mc,22,42,0.44921875,0.615819209039548,0.6238902340597255,0.5052461662631154,0.7125,0.43902439024390244,0.23438965606668283,0.2525221746011864
gpt2_medium,truthfulqa_mc,22,43,0.44921875,0.615819209039548,0.6238902340597255,0.5052461662631154,0.7125,0.43902439024390244,0.23438965606668283,0.2525221746011864
gpt2_medium,truthfulqa_mc,22,44,0.44921875,0.615819209039548,0.6238902340597255,0.5052461662631154,0.7125,0.43902439024390244,0.23438965606668283,0.2525221746011864
gpt2_medium,truthfulqa_mc,23,42,0.439453125,0.5932203389830508,0.6045197740112993,0.49878934624697335,0.725,0.45,0.2532084819957942,0.2589412778543245
gpt2_medium,truthfulqa_mc,23,43,0.439453125,0.5932203389830508,0.6045197740112993,0.49878934624697335,0.725,0.45,0.2532084819957942,0.2589412778543245
gpt2_medium,truthfulqa_mc,23,44,0.439453125,0.5932203389830508,0.6045197740112993,0.49878934624697335,0.725,0.45,0.2532084819957942,0.2589412778543245
llama7b,tomi_nli,0,42,0.509765625,0.48655409631019386,0.5070332480818415,0.5,0.4875,0.5176470588235295,0.42830424102156756,0.4358838809709386
llama7b,tomi_nli,0,43,0.509765625,0.48655409631019386,0.5070332480818415,0.5,0.4875,0.5176470588235295,0.42830424102156756,0.4358838809709386
llama7b,tomi_nli,0,44,0.509765625,0.48655409631019386,0.5070332480818415,0.5,0.4875,0.5176470588235295,0.42830424102156756,0.4358838809709386
llama7b,tomi_nli,1,42,0.5078125,0.5447154471544715,0.5709718670076727,0.3473015873015873,0.5875,0.6024096385542169,0.3693550668008427,0.38165475335895144
llama7b,tomi_nli,1,43,0.5078125,0.5447154471544715,0.5709718670076727,0.3473015873015873,0.5875,0.6024096385542169,0.3693550668008427,0.38165475335895144
llama7b,tomi_nli,1,44,0.5078125,0.5447154471544715,0.5709718670076727,0.3473015873015873,0.5875,0.6024096385542169,0.3693550668008427,0.38165475335895144
llama7b,tomi_nli,2,42,0.45833333333333337,0.5215759849906191,0.5712915601023018,0.5,0.525,0.4722222222222222,0.41588206709840525,0.4240480695301148
llama7b,tomi_nli,2,43,0.45833333333333337,0.5215759849906191,0.5712915601023018,0.5,0.525,0.4722222222222222,0.41588206709840525,0.4240480695301148
llama7b,tomi_nli,2,44,0.45833333333333337,0.5215759849906191,0.5712915601023018,0.5,0.525,0.4722222222222222,0.41588206709840525,0.4240480695301148
llama7b,tomi_nli,3,42,0.4381510416666667,0.539712320200125,0.5543478260869565,0.5,0.5125,0.4507042253521127,0.4178961486390574,0.41339308690392207
llama7b,tomi_nli,3,43,0.4381510416666667,0.539712320200125,0.5543478260869565,0.5,0.5125,0.4507042253521127,0.4178961486390574,0.41339308690392207
llama7b,tomi_nli,3,44,0.4381510416666667,0.539712320200125,0.5543478260869565,0.5,0.5125,0.4507042253521127,0.4178961486390574,0.41339308690392207
llama7b,tomi_nli,4,42,0.44921874999999994,0.5284552845528455,0.5645780051150896,0.4361904761904762,0.4375,0.36619718309859156,0.4790274918068358,0.45856814380361166
llama7b,tomi_nli,4,43,0.44921874999999994,0.5284552845528455,0.5645780051150896,0.4361904761904762,0.4375,0.36619718309859156,0.4790274918068358,0.45856814380361166
llama7b,tomi_nli,4,44,0.44921874999999994,0.5284552845528455,0.5645780051150896,0.4361904761904762,0.4375,0.36619718309859156,0.4790274918068358,0.45856814380361166
llama7b,tomi_nli,5,42,0.45507812499999994,0.5046904315196998,0.5687340153452686,0.4888888888888888,0.425,0.39473684210526316,0.5192387156932619,0.49787444284577625
llama7b,tomi_nli,5,43,0.45507812499999994,0.5046904315196998,0.5687340153452686,0.4888888888888888,0.425,0.39473684210526316,0.5192387156932619,0.49787444284577625
llama7b,tomi_nli,5,44,0.45507812499999994,0.5046904315196998,0.5687340153452686,0.4888888888888888,0.425,0.39473684210526316,0.5192387156932619,0.49787444284577625
llama7b,tomi_nli,6,42,0.43945312500000006,0.4859287054409006,0.5399616368286445,0.5663492063492064,0.475,0.43243243243243246,0.47420404096006963,0.459630487340932
llama7b,tomi_nli,6,43,0.43945312500000006,0.4859287054409006,0.5399616368286445,0.5663492063492064,0.475,0.43243243243243246,0.47420404096006963,0.459630487340932
llama7b,tomi_nli,6,44,0.43945312500000006,0.4859287054409006,0.5399616368286445,0.5663492063492064,0.475,0.43243243243243246,0.47420404096006963,0.459630487340932
llama7b,tomi_nli,7,42,0.48177083333333337,0.4415259537210757,0.5712915601023018,0.5285714285714286,0.425,0.39473684210526316,0.4954239183530197,0.4980653445101969
llama7b,tomi_nli,7,43,0.48177083333333337,0.4415259537210757,0.5712915601023018,0.5285714285714286,0.425,0.39473684210526316,0.4954239183530197,0.4980653445101969
llama7b,tomi_nli,7,44,0.48177083333333337,0.4415259537210757,0.5712915601023018,0.5285714285714286,0.425,0.39473684210526316,0.4954239183530197,0.4980653445101969
llama7b,tomi_nli,8,42,0.48502604166666674,0.46153846153846156,0.5658567774936061,0.5511111111111111,0.475,0.46153846153846156,0.44837016438144117,0.44702461957836936
llama7b,tomi_nli,8,43,0.48502604166666674,0.46153846153846156,0.5658567774936061,0.5511111111111111,0.475,0.46153846153846156,0.44837016438144117,0.44702461957836936
llama7b,tomi_nli,8,44,0.48502604166666674,0.46153846153846156,0.5658567774936061,0.5511111111111111,0.475,0.46153846153846156,0.44837016438144117,0.44702461957836936
llama7b,tomi_nli,9,42,0.48567708333333337,0.43089430894308944,0.5524296675191815,0.525079365079365,0.425,0.425,0.44740605045814397,0.4659735334827923
llama7b,tomi_nli,9,43,0.48567708333333337,0.43089430894308944,0.5524296675191815,0.525079365079365,0.425,0.425,0.44740605045814397,0.4659735334827923
llama7b,tomi_nli,9,44,0.48567708333333337,0.43089430894308944,0.5524296675191815,0.525079365079365,0.425,0.425,0.44740605045814397,0.4659735334827923
llama7b,tomi_nli,10,42,0.513671875,0.5447154471544715,0.5556265984654731,0.5593650793650794,0.5375,0.5316455696202531,0.39071435728733034,0.3853946531021478
llama7b,tomi_nli,10,43,0.513671875,0.5447154471544715,0.5556265984654731,0.5593650793650794,0.5375,0.5316455696202531,0.39071435728733034,0.3853946531021478
llama7b,tomi_nli,10,44,0.513671875,0.5447154471544715,0.5556265984654731,0.5593650793650794,0.5375,0.5316455696202531,0.39071435728733034,0.3853946531021478
llama7b,tomi_nli,11,42,0.5651041666666666,0.519074421513446,0.5805626598465473,0.56,0.525,0.4864864864864865,0.3988307196964483,0.40242997467697406
llama7b,tomi_nli,11,43,0.5651041666666666,0.519074421513446,0.5805626598465473,0.56,0.525,0.4864864864864865,0.3988307196964483,0.40242997467697406
llama7b,tomi_nli,11,44,0.5651041666666666,0.519074421513446,0.5805626598465473,0.56,0.525,0.4864864864864865,0.3988307196964483,0.40242997467697406
llama7b,tomi_nli,12,42,0.5748697916666667,0.5203252032520325,0.5255754475703325,0.5568253968253969,0.5,0.48717948717948717,0.42789236313186585,0.4153378136703805
llama7b,tomi_nli,12,43,0.5748697916666667,0.5203252032520325,0.5255754475703325,0.5568253968253969,0.5,0.48717948717948717,0.42789236313186585,0.4153378136703805
llama7b,tomi_nli,12,44,0.5748697916666667,0.5203252032520325,0.5255754475703325,0.5568253968253969,0.5,0.48717948717948717,0.42789236313186585,0.4153378136703805
llama7b,tomi_nli,13,42,0.587890625,0.5509693558474046,0.4558823529411765,0.4831746031746032,0.5375,0.5432098765432098,0.3620782686205837,0.37245056340813393
llama7b,tomi_nli,13,43,0.587890625,0.5509693558474046,0.4558823529411765,0.4831746031746032,0.5375,0.5432098765432098,0.3620782686205837,0.37245056340813393
llama7b,tomi_nli,13,44,0.587890625,0.5509693558474046,0.4558823529411765,0.4831746031746032,0.5375,0.5432098765432098,0.3620782686205837,0.37245056340813393
llama7b,tomi_nli,14,42,0.5748697916666667,0.5472170106316447,0.41432225063938616,0.46603174603174596,0.525,0.525,0.37351981097929754,0.3856044780607604
llama7b,tomi_nli,14,43,0.5748697916666667,0.5472170106316447,0.41432225063938616,0.46603174603174596,0.525,0.525,0.37351981097929754,0.3856044780607604
llama7b,tomi_nli,14,44,0.5748697916666667,0.5472170106316447,0.41432225063938616,0.46603174603174596,0.525,0.525,0.37351981097929754,0.3856044780607604
llama7b,tomi_nli,15,42,0.5774739583333334,0.5447154471544715,0.4156010230179028,0.494920634920635,0.5625,0.5679012345679012,0.3974418723335494,0.3975802508249459
llama7b,tomi_nli,15,43,0.5774739583333334,0.5447154471544715,0.4156010230179028,0.494920634920635,0.5625,0.5679012345679012,0.3974418723335494,0.3975802508249459
llama7b,tomi_nli,15,44,0.5774739583333334,0.5447154471544715,0.4156010230179028,0.494920634920635,0.5625,0.5679012345679012,0.3974418723335494,0.3975802508249459
llama7b,tomi_nli,16,42,0.5475260416666666,0.5478424015009381,0.4136828644501279,0.48126984126984124,0.5625,0.5333333333333333,0.3654071767622742,0.38068675395823365
llama7b,tomi_nli,16,43,0.5475260416666666,0.5478424015009381,0.4136828644501279,0.48126984126984124,0.5625,0.5333333333333333,0.3654071767622742,0.38068675395823365
llama7b,tomi_nli,16,44,0.5475260416666666,0.5478424015009381,0.4136828644501279,0.48126984126984124,0.5625,0.5333333333333333,0.3654071767622742,0.38068675395823365
llama7b,tomi_nli,17,42,0.5774739583333334,0.5459662288930581,0.3992966751918159,0.5073015873015874,0.5125,0.5063291139240507,0.3831548521645143,0.3971993232024307
llama7b,tomi_nli,17,43,0.5774739583333334,0.5459662288930581,0.3992966751918159,0.5073015873015874,0.5125,0.5063291139240507,0.3831548521645143,0.3971993232024307
llama7b,tomi_nli,17,44,0.5774739583333334,0.5459662288930581,0.3992966751918159,0.5073015873015874,0.5125,0.5063291139240507,0.3831548521645143,0.3971993232024307
llama7b,tomi_nli,18,42,0.5598958333333334,0.5459662288930582,0.42551150895140655,0.467936507936508,0.4875,0.4533333333333333,0.4033541181585574,0.40623118195605795
llama7b,tomi_nli,18,43,0.5598958333333334,0.5459662288930582,0.42551150895140655,0.467936507936508,0.4875,0.4533333333333333,0.4033541181585574,0.40623118195605795
llama7b,tomi_nli,18,44,0.5598958333333334,0.5459662288930582,0.42551150895140655,0.467936507936508,0.4875,0.4533333333333333,0.4033541181585574,0.40623118195605795
llama7b,tomi_nli,19,42,0.5403645833333334,0.5290806754221389,0.3945012787723785,0.44,0.5125,0.5185185185185185,0.4057839902213858,0.401596665671737
llama7b,tomi_nli,19,43,0.5403645833333334,0.5290806754221389,0.3945012787723785,0.44,0.5125,0.5185185185185185,0.4057839902213858,0.401596665671737
llama7b,tomi_nli,19,44,0.5403645833333334,0.5290806754221389,0.3945012787723785,0.44,0.5125,0.5185185185185185,0.4057839902213858,0.401596665671737
llama7b,tomi_nli,20,42,0.5227864583333334,0.5272045028142589,0.40664961636828645,0.42793650793650795,0.525,0.5476190476190477,0.378254354100206,0.38811612125839073
llama7b,tomi_nli,20,43,0.5227864583333334,0.5272045028142589,0.40664961636828645,0.42793650793650795,0.525,0.5476190476190477,0.378254354100206,0.38811612125839073
llama7b,tomi_nli,20,44,0.5227864583333334,0.5272045028142589,0.40664961636828645,0.42793650793650795,0.525,0.5476190476190477,0.378254354100206,0.38811612125839073
llama7b,tomi_nli,21,42,0.5078125,0.5134459036898061,0.42455242966751916,0.4203174603174603,0.5,0.5238095238095238,0.35909004569314473,0.39088304980666955
llama7b,tomi_nli,21,43,0.5078125,0.5134459036898061,0.42455242966751916,0.4203174603174603,0.5,0.5238095238095238,0.35909004569314473,0.39088304980666955
llama7b,tomi_nli,21,44,0.5078125,0.5134459036898061,0.42455242966751916,0.4203174603174603,0.5,0.5238095238095238,0.35909004569314473,0.39088304980666955
llama7b,tomi_nli,22,42,0.5240885416666667,0.5265791119449656,0.43414322250639387,0.4380952380952381,0.5125,0.5301204819277109,0.3601146129797337,0.3845198846318326
llama7b,tomi_nli,22,43,0.5240885416666667,0.5265791119449656,0.43414322250639387,0.4380952380952381,0.5125,0.5301204819277109,0.3601146129797337,0.3845198846318326
llama7b,tomi_nli,22,44,0.5240885416666667,0.5265791119449656,0.43414322250639387,0.4380952380952381,0.5125,0.5301204819277109,0.3601146129797337,0.3845198846318326
llama7b,tomi_nli,23,42,0.51953125,0.5328330206378986,0.4469309462915601,0.45269841269841266,0.5375,0.5194805194805194,0.36588660969856135,0.38659046767943767
llama7b,tomi_nli,23,43,0.51953125,0.5328330206378986,0.4469309462915601,0.45269841269841266,0.5375,0.5194805194805194,0.36588660969856135,0.38659046767943767
llama7b,tomi_nli,23,44,0.51953125,0.5328330206378986,0.4469309462915601,0.45269841269841266,0.5375,0.5194805194805194,0.36588660969856135,0.38659046767943767
llama7b,tomi_nli,24,42,0.4791666666666667,0.4871794871794872,0.46099744245524293,0.46095238095238095,0.4875,0.4810126582278481,0.41152921098438977,0.4206186339311674
llama7b,tomi_nli,24,43,0.4791666666666667,0.4871794871794872,0.46099744245524293,0.46095238095238095,0.4875,0.4810126582278481,0.41152921098438977,0.4206186339311674
llama7b,tomi_nli,24,44,0.4791666666666667,0.4871794871794872,0.46099744245524293,0.46095238095238095,0.4875,0.4810126582278481,0.41152921098438977,0.4206186339311674
llama7b,tomi_nli,25,42,0.48046875,0.5028142589118199,0.45012787723785164,0.4857142857142857,0.525,0.5128205128205128,0.3599772762520062,0.39882451181889444
llama7b,tomi_nli,25,43,0.48046875,0.5028142589118199,0.45012787723785164,0.4857142857142857,0.525,0.5128205128205128,0.3599772762520062,0.39882451181889444
llama7b,tomi_nli,25,44,0.48046875,0.5028142589118199,0.45012787723785164,0.4857142857142857,0.525,0.5128205128205128,0.3599772762520062,0.39882451181889444
llama7b,tomi_nli,26,42,0.48046875000000006,0.5134459036898061,0.45460358056265987,0.5136507936507936,0.5125,0.5063291139240507,0.3613635852060038,0.38441815164386
llama7b,tomi_nli,26,43,0.48046875000000006,0.5134459036898061,0.45460358056265987,0.5136507936507936,0.5125,0.5063291139240507,0.3613635852060038,0.38441815164386
llama7b,tomi_nli,26,44,0.48046875000000006,0.5134459036898061,0.45460358056265987,0.5136507936507936,0.5125,0.5063291139240507,0.3613635852060038,0.38441815164386
llama7b,tomi_nli,27,42,0.5227864583333334,0.5265791119449655,0.4648337595907928,0.5447619047619048,0.5125,0.5185185185185185,0.3622396341135513,0.38504151271036174
llama7b,tomi_nli,27,43,0.5227864583333334,0.5265791119449655,0.4648337595907928,0.5447619047619048,0.5125,0.5185185185185185,0.3622396341135513,0.38504151271036174
llama7b,tomi_nli,27,44,0.5227864583333334,0.5265791119449655,0.4648337595907928,0.5447619047619048,0.5125,0.5185185185185185,0.3622396341135513,0.38504151271036174
llama7b,tomi_nli,28,42,0.5325520833333333,0.5109443402126329,0.4622762148337596,0.5536507936507937,0.5375,0.5432098765432098,0.38944666305042575,0.38855927485751646
llama7b,tomi_nli,28,43,0.5325520833333333,0.5109443402126329,0.4622762148337596,0.5536507936507937,0.5375,0.5432098765432098,0.38944666305042575,0.38855927485751646
llama7b,tomi_nli,28,44,0.5325520833333333,0.5109443402126329,0.4622762148337596,0.5536507936507937,0.5375,0.5432098765432098,0.38944666305042575,0.38855927485751646
llama7b,tomi_nli,29,42,0.521484375,0.4996873045653533,0.4961636828644501,0.5625396825396825,0.525,0.5365853658536586,0.39877141585818693,0.40262155652970566
llama7b,tomi_nli,29,43,0.521484375,0.4996873045653533,0.4961636828644501,0.5625396825396825,0.525,0.5365853658536586,0.39877141585818693,0.40262155652970566
llama7b,tomi_nli,29,44,0.521484375,0.4996873045653533,0.4961636828644501,0.5625396825396825,0.525,0.5365853658536586,0.39877141585818693,0.40262155652970566
llama7b,tomi_nli,30,42,0.5390625,0.5071919949968731,0.49808184143222506,0.5663492063492064,0.5125,0.5185185185185185,0.38951417950270806,0.4022906399351152
llama7b,tomi_nli,30,43,0.5390625,0.5071919949968731,0.49808184143222506,0.5663492063492064,0.5125,0.5185185185185185,0.38951417950270806,0.4022906399351152
llama7b,tomi_nli,30,44,0.5390625,0.5071919949968731,0.49808184143222506,0.5663492063492064,0.5125,0.5185185185185185,0.38951417950270806,0.4022906399351152
llama7b,tomi_nli,31,42,0.5423177083333333,0.5065666041275797,0.5,0.5022222222222221,0.5125,0.5301204819277109,0.3764185209353083,0.4030916269698622
llama7b,tomi_nli,31,43,0.5423177083333333,0.5065666041275797,0.5,0.5022222222222221,0.5125,0.5301204819277109,0.3764185209353083,0.4030916269698622
llama7b,tomi_nli,31,44,0.5423177083333333,0.5065666041275797,0.5,0.5022222222222221,0.5125,0.5301204819277109,0.3764185209353083,0.4030916269698622
llama7b,truthfulqa_mc,0,42,0.58984375,0.5706214689265536,0.5657788539144472,0.5157384987893463,0.6125,0.3673469387755102,0.2995928059095393,0.3198887243882399
llama7b,truthfulqa_mc,0,43,0.58984375,0.5706214689265536,0.5657788539144472,0.5157384987893463,0.6125,0.3673469387755102,0.2995928059095393,0.3198887243882399
llama7b,truthfulqa_mc,0,44,0.58984375,0.5706214689265536,0.5657788539144472,0.5157384987893463,0.6125,0.3673469387755102,0.2995928059095393,0.3198887243882399
llama7b,truthfulqa_mc,1,42,0.5380859375,0.5633575464083939,0.5439870863599677,0.4576271186440678,0.6375,0.32558139534883723,0.2831565984512072,0.2986101725387989
llama7b,truthfulqa_mc,1,43,0.5380859375,0.5633575464083939,0.5439870863599677,0.4576271186440678,0.6375,0.32558139534883723,0.2831565984512072,0.2986101725387989
llama7b,truthfulqa_mc,1,44,0.5380859375,0.5633575464083939,0.5439870863599677,0.4576271186440678,0.6375,0.32558139534883723,0.2831565984512072,0.2986101725387989
llama7b,truthfulqa_mc,2,42,0.609375,0.5351089588377723,0.523002421307506,0.48506860371267146,0.675,0.38095238095238093,0.2764482230036214,0.28391480109495204
llama7b,truthfulqa_mc,2,43,0.609375,0.5351089588377723,0.523002421307506,0.48506860371267146,0.675,0.38095238095238093,0.2764482230036214,0.28391480109495204
llama7b,truthfulqa_mc,2,44,0.609375,0.5351089588377723,0.523002421307506,0.48506860371267146,0.675,0.38095238095238093,0.2764482230036214,0.28391480109495204
llama7b,truthfulqa_mc,3,42,0.552734375,0.536723163841808,0.5552865213882162,0.48587570621468923,0.6625,0.37209302325581395,0.28343353593528947,0.2940038951114862
llama7b,truthfulqa_mc,3,43,0.552734375,0.536723163841808,0.5552865213882162,0.48587570621468923,0.6625,0.37209302325581395,0.28343353593528947,0.2940038951114862
llama7b,truthfulqa_mc,3,44,0.552734375,0.536723163841808,0.5552865213882162,0.48587570621468923,0.6625,0.37209302325581395,0.28343353593528947,0.2940038951114862
llama7b,truthfulqa_mc,4,42,0.6025390625,0.6109765940274414,0.5940274414850686,0.5819209039548022,0.7,0.45454545454545453,0.26650190447118977,0.26320901108086553
llama7b,truthfulqa_mc,4,43,0.6025390625,0.6109765940274414,0.5940274414850686,0.5819209039548022,0.7,0.45454545454545453,0.26650190447118977,0.26320901108086553
llama7b,truthfulqa_mc,4,44,0.6025390625,0.6109765940274414,0.5940274414850686,0.5819209039548022,0.7,0.45454545454545453,0.26650190447118977,0.26320901108086553
llama7b,truthfulqa_mc,5,42,0.6796875,0.6255044390637611,0.6319612590799031,0.6497175141242937,0.675,0.4090909090909091,0.2686453318531774,0.25994839045871665
llama7b,truthfulqa_mc,5,43,0.6796875,0.6255044390637611,0.6319612590799031,0.6497175141242937,0.675,0.4090909090909091,0.2686453318531774,0.25994839045871665
llama7b,truthfulqa_mc,5,44,0.6796875,0.6255044390637611,0.6319612590799031,0.6497175141242937,0.675,0.4090909090909091,0.2686453318531774,0.25994839045871665
llama7b,truthfulqa_mc,6,42,0.638671875,0.6246973365617433,0.6521388216303471,0.4721549636803874,0.6625,0.37209302325581395,0.2675923109290283,0.27480061738573347
llama7b,truthfulqa_mc,6,43,0.638671875,0.6246973365617433,0.6521388216303471,0.4721549636803874,0.6625,0.37209302325581395,0.2675923109290283,0.27480061738573347
llama7b,truthfulqa_mc,6,44,0.638671875,0.6246973365617433,0.6521388216303471,0.4721549636803874,0.6625,0.37209302325581395,0.2675923109290283,0.27480061738573347
llama7b,truthfulqa_mc,7,42,0.6708984375,0.5916061339790153,0.6182405165456013,0.5052461662631154,0.6375,0.32558139534883723,0.2773981660250543,0.2910171476790576
llama7b,truthfulqa_mc,7,43,0.6708984375,0.5916061339790153,0.6182405165456013,0.5052461662631154,0.6375,0.32558139534883723,0.2773981660250543,0.2910171476790576
llama7b,truthfulqa_mc,7,44,0.6708984375,0.5916061339790153,0.6182405165456013,0.5052461662631154,0.6375,0.32558139534883723,0.2773981660250543,0.2910171476790576
llama7b,truthfulqa_mc,8,42,0.6904296875,0.6481033091202582,0.6489104116222759,0.5108958837772397,0.7125,0.43902439024390244,0.23567032623494694,0.25244728093162705
llama7b,truthfulqa_mc,8,43,0.6904296875,0.6481033091202582,0.6489104116222759,0.5108958837772397,0.7125,0.43902439024390244,0.23567032623494694,0.25244728093162705
llama7b,truthfulqa_mc,8,44,0.6904296875,0.6481033091202582,0.6489104116222759,0.5108958837772397,0.7125,0.43902439024390244,0.23567032623494694,0.25244728093162705
llama7b,truthfulqa_mc,9,42,0.7470703125,0.639225181598063,0.6933010492332525,0.4979822437449556,0.65,0.4166666666666667,0.25494506718264265,0.2553612644320166
llama7b,truthfulqa_mc,9,43,0.7470703125,0.639225181598063,0.6933010492332525,0.4979822437449556,0.65,0.4166666666666667,0.25494506718264265,0.2553612644320166
llama7b,truthfulqa_mc,9,44,0.7470703125,0.639225181598063,0.6933010492332525,0.4979822437449556,0.65,0.4166666666666667,0.25494506718264265,0.2553612644320166
llama7b,truthfulqa_mc,10,42,0.7216796875,0.6747376916868442,0.6368038740920097,0.5040355125100887,0.7,0.52,0.24407728048267782,0.24348247847237792
llama7b,truthfulqa_mc,10,43,0.7216796875,0.6747376916868442,0.6368038740920097,0.5040355125100887,0.7,0.52,0.24407728048267782,0.24348247847237792
llama7b,truthfulqa_mc,10,44,0.7216796875,0.6747376916868442,0.6368038740920097,0.5040355125100887,0.7,0.52,0.24407728048267782,0.24348247847237792
llama7b,truthfulqa_mc,11,42,0.7216796875,0.6965294592413237,0.5786924939467312,0.5072639225181598,0.65,0.391304347826087,0.2679225280637613,0.2625602163793751
llama7b,truthfulqa_mc,11,43,0.7216796875,0.6965294592413237,0.5786924939467312,0.5072639225181598,0.65,0.391304347826087,0.2679225280637613,0.2625602163793751
llama7b,truthfulqa_mc,11,44,0.7216796875,0.6965294592413237,0.5786924939467312,0.5072639225181598,0.65,0.391304347826087,0.2679225280637613,0.2625602163793751
llama7b,truthfulqa_mc,12,42,0.734375,0.711864406779661,0.5980629539951573,0.5944309927360774,0.6625,0.425531914893617,0.2623924671742929,0.2560697775137701
llama7b,truthfulqa_mc,12,43,0.734375,0.711864406779661,0.5980629539951573,0.5944309927360774,0.6625,0.425531914893617,0.2623924671742929,0.2560697775137701
llama7b,truthfulqa_mc,12,44,0.734375,0.711864406779661,0.5980629539951573,0.5944309927360774,0.6625,0.425531914893617,0.2623924671742929,0.2560697775137701
llama7b,truthfulqa_mc,13,42,0.73828125,0.7562550443906376,0.6182405165456013,0.6775625504439063,0.7,0.52,0.2441291591959598,0.24632622838979162
llama7b,truthfulqa_mc,13,43,0.73828125,0.7562550443906376,0.6182405165456013,0.6775625504439063,0.7,0.52,0.2441291591959598,0.24632622838979162
llama7b,truthfulqa_mc,13,44,0.73828125,0.7562550443906376,0.6182405165456013,0.6775625504439063,0.7,0.52,0.2441291591959598,0.24632622838979162
llama7b,truthfulqa_mc,14,42,0.7294921875,0.7554479418886197,0.5286521388216303,0.5560936238902341,0.7125,0.5106382978723404,0.25285341561330144,0.23455958460013945
llama7b,truthfulqa_mc,14,43,0.7294921875,0.7554479418886197,0.5286521388216303,0.5560936238902341,0.7125,0.5106382978723404,0.25285341561330144,0.23455958460013945
llama7b,truthfulqa_mc,14,44,0.7294921875,0.7554479418886197,0.5286521388216303,0.5560936238902341,0.7125,0.5106382978723404,0.25285341561330144,0.23455958460013945
llama7b,truthfulqa_mc,15,42,0.7236328125,0.7562550443906375,0.5205811138014528,0.6012913640032284,0.7,0.5,0.25944203293925117,0.2406485347297848
llama7b,truthfulqa_mc,15,43,0.7236328125,0.7562550443906375,0.5205811138014528,0.6012913640032284,0.7,0.5,0.25944203293925117,0.2406485347297848
llama7b,truthfulqa_mc,15,44,0.7236328125,0.7562550443906375,0.5205811138014528,0.6012913640032284,0.7,0.5,0.25944203293925117,0.2406485347297848
llama7b,truthfulqa_mc,16,42,0.67578125,0.7320419693301049,0.5698143664245359,0.6178369652945923,0.725,0.5217391304347826,0.2725870918090997,0.2522271732100308
llama7b,truthfulqa_mc,16,43,0.67578125,0.7320419693301049,0.5698143664245359,0.6178369652945923,0.725,0.5217391304347826,0.2725870918090997,0.2522271732100308
llama7b,truthfulqa_mc,16,44,0.67578125,0.7320419693301049,0.5698143664245359,0.6178369652945923,0.725,0.5217391304347826,0.2725870918090997,0.2522271732100308
llama7b,truthfulqa_mc,17,42,0.6953125,0.7150928167877321,0.6012913640032284,0.6335754640839386,0.725,0.5217391304347826,0.2633778292497567,0.24318105323456277
llama7b,truthfulqa_mc,17,43,0.6953125,0.7150928167877321,0.6012913640032284,0.6335754640839386,0.725,0.5217391304347826,0.2633778292497567,0.24318105323456277
llama7b,truthfulqa_mc,17,44,0.6953125,0.7150928167877321,0.6012913640032284,0.6335754640839386,0.725,0.5217391304347826,0.2633778292497567,0.24318105323456277
llama7b,truthfulqa_mc,18,42,0.693359375,0.724778046811945,0.6214689265536723,0.6561743341404357,0.6875,0.4897959183673469,0.2723220394233466,0.25097644931894786
llama7b,truthfulqa_mc,18,43,0.693359375,0.724778046811945,0.6214689265536723,0.6561743341404357,0.6875,0.4897959183673469,0.2723220394233466,0.25097644931894786
llama7b,truthfulqa_mc,18,44,0.693359375,0.724778046811945,0.6214689265536723,0.6561743341404357,0.6875,0.4897959183673469,0.2723220394233466,0.25097644931894786
llama7b,truthfulqa_mc,19,42,0.7099609375,0.7142857142857142,0.6335754640839387,0.6650524616626311,0.725,0.5217391304347826,0.27054482249153017,0.24633924069795543
llama7b,truthfulqa_mc,19,43,0.7099609375,0.7142857142857142,0.6335754640839387,0.6650524616626311,0.725,0.5217391304347826,0.27054482249153017,0.24633924069795543
llama7b,truthfulqa_mc,19,44,0.7099609375,0.7142857142857142,0.6335754640839387,0.6650524616626311,0.725,0.5217391304347826,0.27054482249153017,0.24633924069795543
llama7b,truthfulqa_mc,20,42,0.6796875,0.7110573042776432,0.6351896690879743,0.6666666666666666,0.7125,0.5106382978723404,0.22917875842365942,0.2314164267215933
llama7b,truthfulqa_mc,20,43,0.6796875,0.7110573042776432,0.6351896690879743,0.6666666666666666,0.7125,0.5106382978723404,0.22917875842365942,0.2314164267215933
llama7b,truthfulqa_mc,20,44,0.6796875,0.7110573042776432,0.6351896690879743,0.6666666666666666,0.7125,0.5106382978723404,0.22917875842365942,0.2314164267215933
llama7b,truthfulqa_mc,21,42,0.685546875,0.7167070217917675,0.648910411622276,0.6618240516545602,0.7125,0.5106382978723404,0.24944434561947282,0.23957135887210224
llama7b,truthfulqa_mc,21,43,0.685546875,0.7167070217917675,0.648910411622276,0.6618240516545602,0.7125,0.5106382978723404,0.24944434561947282,0.23957135887210224
llama7b,truthfulqa_mc,21,44,0.685546875,0.7167070217917675,0.648910411622276,0.6618240516545602,0.7125,0.5106382978723404,0.24944434561947282,0.23957135887210224
llama7b,truthfulqa_mc,22,42,0.673828125,0.7158999192897497,0.6351896690879741,0.6408393866020985,0.7375,0.5333333333333333,0.24975510169553888,0.24025098164485695
llama7b,truthfulqa_mc,22,43,0.673828125,0.7158999192897497,0.6351896690879741,0.6408393866020985,0.7375,0.5333333333333333,0.24975510169553888,0.24025098164485695
llama7b,truthfulqa_mc,22,44,0.673828125,0.7158999192897497,0.6351896690879741,0.6408393866020985,0.7375,0.5333333333333333,0.24975510169553888,0.24025098164485695
llama7b,truthfulqa_mc,23,42,0.68359375,0.7062146892655368,0.6416464891041161,0.6666666666666666,0.7,0.4782608695652174,0.2581422844902889,0.24612335325718732
llama7b,truthfulqa_mc,23,43,0.68359375,0.7062146892655368,0.6416464891041161,0.6666666666666666,0.7,0.4782608695652174,0.2581422844902889,0.24612335325718732
llama7b,truthfulqa_mc,23,44,0.68359375,0.7062146892655368,0.6416464891041161,0.6666666666666666,0.7,0.4782608695652174,0.2581422844902889,0.24612335325718732
llama7b,truthfulqa_mc,24,42,0.67578125,0.6836158192090395,0.6521388216303471,0.6428571428571428,0.6875,0.46808510638297873,0.24904305513914465,0.25338822226562685
llama7b,truthfulqa_mc,24,43,0.67578125,0.6836158192090395,0.6521388216303471,0.6428571428571428,0.6875,0.46808510638297873,0.24904305513914465,0.25338822226562685
llama7b,truthfulqa_mc,24,44,0.67578125,0.6836158192090395,0.6521388216303471,0.6428571428571428,0.6875,0.46808510638297873,0.24904305513914465,0.25338822226562685
llama7b,truthfulqa_mc,25,42,0.66015625,0.6666666666666665,0.6311541565778853,0.6767554479418886,0.6625,0.425531914893617,0.271884879817999,0.256901093447451
llama7b,truthfulqa_mc,25,43,0.66015625,0.6666666666666665,0.6311541565778853,0.6767554479418886,0.6625,0.425531914893617,0.271884879817999,0.256901093447451
llama7b,truthfulqa_mc,25,44,0.66015625,0.6666666666666665,0.6311541565778853,0.6767554479418886,0.6625,0.425531914893617,0.271884879817999,0.256901093447451
llama7b,truthfulqa_mc,26,42,0.65234375,0.6715092816787731,0.6376109765940274,0.6896690879741727,0.6875,0.4897959183673469,0.2508983903516514,0.2507246801404996
llama7b,truthfulqa_mc,26,43,0.65234375,0.6715092816787731,0.6376109765940274,0.6896690879741727,0.6875,0.4897959183673469,0.2508983903516514,0.2507246801404996
llama7b,truthfulqa_mc,26,44,0.65234375,0.6715092816787731,0.6376109765940274,0.6896690879741727,0.6875,0.4897959183673469,0.2508983903516514,0.2507246801404996
llama7b,truthfulqa_mc,27,42,0.65625,0.6626311541565779,0.6481033091202583,0.682001614205004,0.675,0.4583333333333333,0.26320374199156993,0.2614502258891135
llama7b,truthfulqa_mc,27,43,0.65625,0.6626311541565779,0.6481033091202583,0.682001614205004,0.675,0.4583333333333333,0.26320374199156993,0.2614502258891135
llama7b,truthfulqa_mc,27,44,0.65625,0.6626311541565779,0.6481033091202583,0.682001614205004,0.675,0.4583333333333333,0.26320374199156993,0.2614502258891135
llama7b,truthfulqa_mc,28,42,0.6162109375,0.6585956416464891,0.6343825665859564,0.6472962066182404,0.675,0.43478260869565216,0.2533178870537458,0.26344581473042855
llama7b,truthfulqa_mc,28,43,0.6162109375,0.6585956416464891,0.6343825665859564,0.6472962066182404,0.675,0.43478260869565216,0.2533178870537458,0.26344581473042855
llama7b,truthfulqa_mc,28,44,0.6162109375,0.6585956416464891,0.6343825665859564,0.6472962066182404,0.675,0.43478260869565216,0.2533178870537458,0.26344581473042855
llama7b,truthfulqa_mc,29,42,0.6201171875,0.6424535916061339,0.6343825665859564,0.6117836965294593,0.6875,0.4444444444444444,0.2533249546956966,0.26559313510078575
llama7b,truthfulqa_mc,29,43,0.6201171875,0.6424535916061339,0.6343825665859564,0.6117836965294593,0.6875,0.4444444444444444,0.2533249546956966,0.26559313510078575
llama7b,truthfulqa_mc,29,44,0.6201171875,0.6424535916061339,0.6343825665859564,0.6117836965294593,0.6875,0.4444444444444444,0.2533249546956966,0.26559313510078575
llama7b,truthfulqa_mc,30,42,0.607421875,0.6481033091202583,0.6343825665859564,0.6121872477804681,0.675,0.4090909090909091,0.26631356340259965,0.25962758987191464
llama7b,truthfulqa_mc,30,43,0.607421875,0.6481033091202583,0.6343825665859564,0.6121872477804681,0.675,0.4090909090909091,0.26631356340259965,0.25962758987191464
llama7b,truthfulqa_mc,30,44,0.607421875,0.6481033091202583,0.6343825665859564,0.6121872477804681,0.675,0.4090909090909091,0.26631356340259965,0.25962758987191464
llama7b,truthfulqa_mc,31,42,0.591796875,0.6384180790960451,0.639225181598063,0.6610169491525423,0.6875,0.46808510638297873,0.2652955669453257,0.26750258022633144
llama7b,truthfulqa_mc,31,43,0.591796875,0.6384180790960451,0.639225181598063,0.6610169491525423,0.6875,0.46808510638297873,0.2652955669453257,0.26750258022633144
llama7b,truthfulqa_mc,31,44,0.591796875,0.6384180790960451,0.639225181598063,0.6610169491525423,0.6875,0.46808510638297873,0.2652955669453257,0.26750258022633144
